,county,population,pop_error,socioeconomic,composition,minority,housing,svi_ranking,turnout,registered
0,ANDERSON,57863,0,0.6166,0.0751,0.415,0.9486,0.6206,4718.0,27788.0
1,ANDREWS,17818,0,0.2964,0.0593,0.8261,0.4822,0.3794,1079.0,9204.0
2,ANGELINA,87607,0,0.8221,0.9209,0.5534,0.917,0.9051,5963.0,50779.0
3,ARANSAS,24763,0,0.5178,0.5534,0.3281,0.7945,0.5968,1266.0,17130.0
4,ARCHER,8789,0,0.0474,0.1937,0.0277,0.0079,0.004,941.0,6266.0
5,ARMSTRONG,1916,125,0.0119,0.1146,0.0356,0.1146,0.0119,266.0,1406.0
6,ATASCOSA,48828,0,0.7708,0.6008,0.7233,0.7708,0.8221,3284.0,26590.0
7,AUSTIN,29565,0,0.1621,0.2016,0.5692,0.3874,0.2609,2991.0,19112.0
8,BAILEY,7092,0,0.581,0.7866,0.9012,0.5494,0.7708,575.0,3669.0
9,BANDERA,21763,0,0.2846,0.5455,0.1146,0.2055,0.1818,1633.0,15475.0
10,BASTROP,82577,0,0.3992,0.1897,0.6996,0.8379,0.6126,5410.0,45123.0
11,BAYLOR,3591,0,0.1146,0.5375,0.0079,0.0435,0.0316,309.0,2343.0
12,BEE,32691,0,0.9486,0.3043,0.6482,0.9763,0.9209,1886.0,15520.0
13,BELL,342236,0,0.3636,0.664,0.5178,0.6245,0.5534,22308.0,185379.0
14,BEXAR,1925865,0,0.4545,0.4625,0.8458,0.747,0.6957,83390.0,1057296.0
15,BLANCO,11279,0,0.0949,0.2213,0.17,0.1265,0.0711,996.0,8115.0
16,BORDEN,665,119,0.0,0.8735,0.0,0.004,0.0158,106.0,473.0
17,BOSQUE,18122,0,0.2964,0.664,0.2134,0.2767,0.2648,2555.0,11890.0
18,BOWIE,93858,0,0.5099,0.5296,0.2411,0.9051,0.6245,8168.0,58158.0
19,BRAZORIA,353999,0,0.0909,0.1067,0.664,0.5296,0.2134,14669.0,200830.0
20,BRAZOS,219193,0,0.4111,0.0198,0.6522,0.7115,0.3478,13053.0,105123.0
21,BREWSTER,9216,0,0.1581,0.3913,0.4466,0.6798,0.3715,798.0,7012.0
22,BRISCOE,1546,128,0.415,0.249,0.6364,0.0237,0.166,275.0,1068.0
23,BROOKS,7180,0,0.9802,0.9447,0.9486,0.9684,0.9921,661.0,5883.0
24,BROWN,37834,0,0.2569,0.2846,0.2095,0.5968,0.2767,3411.0,22939.0
25,BURLESON,17863,0,0.3281,0.2806,0.3636,0.5455,0.3518,1934.0,11507.0
26,BURNET,45750,0,0.1067,0.6838,0.2727,0.336,0.1897,3854.0,29739.0
27,CALDWELL,41401,0,0.585,0.3202,0.7549,0.9842,0.8063,2414.0,22862.0
28,CALHOUN,21807,0,0.5652,0.8696,0.7589,0.6601,0.7826,2171.0,12704.0
29,CALLAHAN,13770,0,0.2016,0.4427,0.0237,0.0672,0.0791,1342.0,9110.0
30,CAMERON,421750,0,0.9486,0.7866,0.9763,0.8814,0.9526,18135.0,200258.0
31,CAMP,12813,0,0.7549,0.8458,0.5771,0.6285,0.7984,764.0,7461.0
32,CARSON,6032,0,0.004,0.2964,0.0198,0.0198,0.0,1197.0,4199.0
33,CASS,30087,0,0.7431,0.5692,0.0791,0.7352,0.6008,3099.0,19643.0
34,CASTRO,7787,0,0.6482,0.4308,0.9012,0.6364,0.7549,980.0,3849.0
35,CHAMBERS,40292,0,0.1383,0.1383,0.4387,0.2411,0.1462,2354.0,27299.0
36,CHEROKEE,51903,0,0.7628,0.5968,0.6245,0.9249,0.8340000000000001,4002.0,27640.0
37,CHILDRESS,7226,0,0.7589,0.083,0.3834,0.7075,0.5613,472.0,3493.0
38,CLAY,10387,0,0.2727,0.3755,0.0553,0.0474,0.0751,1578.0,7477.0
39,COCHRAN,2904,0,0.9249,0.6364,0.8696,0.2372,0.8261,307.0,1720.0
40,COKE,3275,0,0.3557,0.6364,0.2292,0.3676,0.3281,516.0,2184.0
41,COLEMAN,8391,0,0.3913,0.3241,0.1542,0.1225,0.1502,575.0,5886.0
42,COLLIN,944350,0,0.0079,0.0395,0.5613,0.0711,0.0237,39514.0,548472.0
43,COLLINGSWORTH,2996,0,0.8379,0.7391,0.5889,0.4941,0.7787,366.0,1867.0
44,COLORADO,21022,0,0.1542,0.3834,0.6443,0.8458,0.5257,1809.0,13714.0
45,COMAL,135097,0,0.0237,0.1462,0.2569,0.1542,0.0356,8231.0,94698.0
46,COMANCHE,13495,0,0.3518,0.6798,0.4506,0.4783,0.4862,1445.0,9026.0
47,CONCHO,4233,0,0.5217,0.0079,0.8814,0.585,0.4466,483.0,1606.0
48,COOKE,39571,0,0.1779,0.4585,0.3636,0.4743,0.3004,5355.0,25064.0
49,CORYELL,75389,0,0.6206,0.3162,0.3162,0.4111,0.4229,4147.0,36778.0
50,COTTLE,1623,188,0.9368,1.0,0.3755,0.0949,0.8182,184.0,1050.0
51,CRANE,4839,0,0.2055,0.1028,0.8854,0.4506,0.3953,420.0,2634.0
52,CROCKETT,3633,186,0.5494,0.6126,0.6838,0.3557,0.5652,361.0,2455.0
53,CROSBY,5861,0,0.913,0.9763,0.6285,0.3834,0.8854,736.0,3469.0
54,CULBERSON,2241,0,0.9447,0.9605,0.8775,0.913,0.9763,311.0,1685.0
55,DALLAM,7243,0,0.4071,0.2609,0.8379,0.1383,0.3794,576.0,3000.0
56,DALLAS,2586552,0,0.4427,0.2688,0.9289,0.7787,0.6838,119262.0,1278778.0
57,DAWSON,12964,0,0.8696,0.7431,0.7352,0.6996,0.8656,870.0,7158.0
58,DEWITT,20435,0,0.5257,0.6601,0.3953,0.6877,0.6047,1725.0,11575.0
59,DEAF SMITH,18899,0,0.7905,0.6047,0.917,0.4704,0.8142,984.0,8601.0
60,DELTA,5215,0,0.6008,0.6522,0.0435,0.2134,0.2885,755.0,3785.0
61,DENTON,807047,0,0.0316,0.0356,0.4901,0.1581,0.0514,33986.0,471711.0
62,DICKENS,2216,0,0.8142,0.7747,0.1897,0.5138,0.6561,311.0,1272.0
63,DIMMIT,10663,0,0.9684,0.9881,0.9012,0.9526,1.0,1228.0,7266.0
64,DONLEY,3387,0,0.2451,0.2569,0.0474,0.3439,0.1344,494.0,2198.0
65,DUVAL,11355,0,0.9644,0.9842,0.8656,0.8735,0.9881,1132.0,8144.0
67,ECTOR,158342,0,0.4862,0.4822,0.8498,0.6719,0.6877,9199.0,74140.0
68,EDWARDS,2055,193,0.2174,0.498,0.6561,0.0909,0.2174,291.0,1450.0
69,EL PASO,837654,0,0.8854,0.664,0.9644,0.8103,0.9249,42540.0,436981.0
70,ELLIS,168838,0,0.087,0.17,0.5652,0.2253,0.1225,10396.0,103425.0
71,ERATH,41482,0,0.3874,0.0277,0.2846,0.8221,0.2846,3226.0,21508.0
72,FALLS,17299,0,0.8972,0.4348,0.4664,0.996,0.8972,2451.0,10166.0
73,FANNIN,34175,0,0.3123,0.1423,0.17,0.5059,0.2095,3942.0,20089.0
74,FAYETTE,25066,0,0.1028,0.1779,0.2253,0.4387,0.1146,3655.0,16373.0
75,FISHER,3883,0,0.3834,0.332,0.4111,0.0356,0.1186,526.0,2720.0
76,FLOYD,5872,0,0.8577,0.7509999999999999,0.7787,0.3162,0.7905,375.0,3920.0
77,FOARD,1408,137,0.5968,0.3834,0.1976,0.087,0.1976,140.0,901.0
78,FORT BEND,739342,0,0.0593,0.087,0.7905,0.1067,0.0949,29952.0,413446.0
79,FRANKLIN,10679,0,0.2885,0.6877,0.1937,0.0988,0.1621,1056.0,6643.0
80,FREESTONE,19709,0,0.6719,0.7233,0.3992,0.5375,0.6285,2157.0,11795.0
81,FRIO,19394,0,0.9289,0.581,0.9447,1.0,0.9644,1641.0,8277.0
82,GAINES,20321,0,0.7154,0.2055,0.7708,0.4862,0.6522,777.0,8708.0
83,GALVESTON,327089,0,0.1502,0.1858,0.5455,0.4348,0.2569,14040.0,207560.0
84,GARZA,6288,188,0.8024,0.0435,0.8933,0.5099,0.6601,421.0,2699.0
85,GILLESPIE,26208,0,0.0672,0.1344,0.4229,0.3992,0.0988,3180.0,18789.0
86,GLASSCOCK,1430,146,0.1462,0.004,0.7866,0.0316,0.0632,167.0,751.0
87,GOLIAD,7531,0,0.332,0.3715,0.3004,0.3755,0.2806,978.0,5460.0
88,GONZALES,20667,0,0.4941,0.8617,0.8340000000000001,0.9605,0.8735,1530.0,12008.0
89,GRAY,22685,0,0.6561,0.5771,0.4585,0.5771,0.6324,2003.0,12333.0
90,GRAYSON,128560,0,0.1976,0.6206,0.2332,0.415,0.2688,8234.0,78018.0
91,GREGG,123494,0,0.4901,0.6957,0.5573,0.8024,0.6719,5193.0,67857.0
92,GRIMES,27630,0,0.7075,0.3439,0.5178,0.8656,0.7194,2742.0,15804.0
93,GUADALUPE,155137,0,0.0553,0.3281,0.5375,0.2569,0.1423,9390.0,95185.0
94,HALE,34113,0,0.8893,0.4822,0.8024,0.7984,0.8775,2064.0,18775.0
95,HALL,3074,0,0.9289,0.9407,0.7075,0.2016,0.8419,359.0,1950.0
96,HAMILTON,8269,0,0.2688,0.7431,0.2411,0.3281,0.2925,1045.0,5437.0
97,HANSFORD,5547,0,0.7945,0.83,0.8261,0.1344,0.6917,686.0,3012.0
98,HARDEMAN,3952,0,0.6996,0.6285,0.5059,0.1423,0.4941,364.0,2446.0
99,HARDIN,56379,0,0.1107,0.3557,0.004,0.2806,0.087,4806.0,38013.0
100,HARRIS,4602523,0,0.4308,0.2648,0.9249,0.5573,0.6443,202725.0,2248921.0
101,HARRISON,66645,0,0.4585,0.3636,0.3597,0.6679999999999999,0.4822,3810.0,43910.0
102,HARTLEY,5767,0,0.2648,0.0316,0.5968,0.7905,0.3202,457.0,2869.0
103,HASKELL,5809,0,0.9407,0.8854,0.5929,0.6008,0.8893,808.0,3259.0
104,HAYS,204150,0,0.166,0.0237,0.5771,0.5257,0.1739,10678.0,121518.0
105,HEMPHILL,4061,0,0.3953,0.6917,0.6759,0.6166,0.6403,548.0,2308.0
106,HENDERSON,80460,0,0.5455,0.4427,0.1581,0.5652,0.4308,6440.0,50318.0
107,HIDALGO,849389,0,0.9605,0.7708,0.9842,0.8972,0.9684,31384.0,347328.0
108,HILL,35399,0,0.6957,0.7075,0.3518,0.7747,0.6759,5239.0,22210.0
109,HOCKLEY,23162,0,0.8063,0.5099,0.6957,0.8498,0.83,1772.0,13393.0
110,HOOD,56901,0,0.0435,0.1265,0.1265,0.2727,0.0593,6600.0,38869.0
111,HOPKINS,36240,0,0.419,0.7312,0.3043,0.3794,0.4269,2985.0,22256.0
112,HOUSTON,22955,0,0.7194,0.6364,0.3202,0.9012,0.747,2373.0,12908.0
113,HOWARD,36667,0,0.7866,0.2925,0.7668,0.8340000000000001,0.8024,1731.0,16720.0
114,HUDSPETH,4098,0,0.9723,0.7945,0.9723,0.7866,0.9447,579.0,1832.0
115,HUNT,92152,0,0.5296,0.4032,0.2372,0.9091,0.6087,10274.0,52926.0
116,HUTCHINSON,21571,0,0.4664,0.8656,0.2925,0.1028,0.336,1745.0,13445.0
117,IRION,1524,153,0.2095,0.3083,0.1225,0.0119,0.0474,219.0,1273.0
118,JACK,8842,0,0.3715,0.1818,0.3281,0.6522,0.3715,842.0,5009.0
119,JACKSON,14820,0,0.2925,0.4743,0.5375,0.6957,0.5099,1242.0,9068.0
120,JASPER,35504,0,0.6917,0.8261,0.1146,0.581,0.5929,2665.0,22356.0
121,JEFF DAVIS,2234,0,0.1897,0.1621,0.5059,0.1067,0.1067,267.0,1682.0
122,JEFFERSON,255210,0,0.5771,0.4901,0.7036,0.6759,0.664,10587.0,146724.0
123,JIM HOGG,5282,0,0.9565,0.9921,0.8577,0.4427,0.9605,601.0,3824.0
124,JIM WELLS,41192,0,0.8458,0.8538,0.747,0.7628,0.8933,3560.0,26162.0
125,JOHNSON,163475,0,0.1265,0.2292,0.3439,0.4466,0.1937,10717.0,93488.0
126,JONES,19891,0,0.6522,0.17,0.3755,0.5217,0.4625,2270.0,9869.0
127,KARNES,15387,0,0.5929,0.2055,0.8063,0.8933,0.7431,1572.0,7798.0
128,KAUFMAN,118910,0,0.3043,0.3557,0.4071,0.253,0.2451,7560.0,68939.0
129,KENDALL,41982,0,0.0158,0.249,0.2174,0.1186,0.0395,2909.0,29568.0
130,KENEDY,595,181,0.5336,0.9249,0.9684,0.166,0.7036,74.0,288.0
131,KENT,749,118,0.1423,0.7509999999999999,0.0514,0.1976,0.1383,139.0,596.0
132,KERR,51365,0,0.1225,0.8142,0.2964,0.5415,0.3597,3686.0,34589.0
133,KIMBLE,4408,0,0.3241,0.8893,0.3557,0.1304,0.332,489.0,2838.0
134,KING,228,69,0.2213,0.1581,0.2609,0.0158,0.0553,48.0,180.0
135,KINNEY,3675,0,0.8933,0.2767,0.8538,0.7154,0.8538,285.0,2236.0
136,KLEBERG,31425,0,0.9012,0.5375,0.6798,0.9565,0.917,2175.0,17675.0
137,KNOX,3733,0,0.6679999999999999,0.9526,0.6206,0.0751,0.5771,677.0,2453.0
139,LAMAR,49532,0,0.6443,0.8814,0.1344,0.498,0.5731,4665.0,31005.0
140,LAMB,13262,0,0.7787,0.9328,0.8182,0.4269,0.8458,1321.0,7999.0
141,LAMPASAS,20640,0,0.2134,0.7154,0.1502,0.3123,0.2332,1734.0,13580.0
142,LAVACA,19941,0,0.0988,0.8419,0.1858,0.8142,0.3874,2868.0,13071.0
143,LEE,16952,0,0.2411,0.5494,0.419,0.6047,0.415,1533.0,10235.0
144,LEON,17098,0,0.4822,0.5059,0.336,0.1897,0.3123,2986.0,10917.0
145,LIBERTY,81862,0,0.7826,0.4664,0.4704,0.9921,0.8498,4865.0,43109.0
146,LIMESTONE,23515,0,0.8735,0.5692,0.5968,0.8775,0.8617,2222.0,13424.0
147,LIPSCOMB,3469,0,0.3162,0.502,0.4783,0.0514,0.17,786.0,2004.0
148,LIVE OAK,12123,0,0.4783,0.2411,0.6601,0.502,0.5336,1623.0,7130.0
149,LLANO,20640,0,0.2253,0.5138,0.1028,0.2925,0.1858,1351.0,15051.0
151,LUBBOCK,301454,0,0.3399,0.2727,0.4032,0.6482,0.3992,14037.0,168239.0
152,LYNN,5808,0,0.8261,0.9289,0.4862,0.3004,0.7509999999999999,994.0,3870.0
153,MADISON,14128,0,0.5375,0.2451,0.6403,0.9802,0.7273,918.0,7205.0
154,MARION,10083,0,0.7391,0.3953,0.2055,0.3043,0.4387,2.0,7239.0
155,MARTIN,5614,0,0.1858,0.3794,0.5494,0.1779,0.2016,453.0,3167.0
156,MASON,4161,0,0.3202,0.3676,0.4229,0.0395,0.1028,384.0,2911.0
157,MATAGORDA,36743,0,0.8182,0.585,0.7747,0.7668,0.8379,2777.0,21338.0
158,MAVERICK,57970,0,0.9842,0.8379,0.996,0.6403,0.9486,4007.0,30208.0
159,MCCULLOCH,8098,0,0.4348,0.9368,0.2885,0.2095,0.4585,767.0,5181.0
160,MCLENNAN,248429,0,0.5534,0.4704,0.5968,0.7273,0.6482,17809.0,133667.0
161,MCMULLEN,662,193,0.2806,0.9644,0.5731,0.3636,0.5889,154.0,700.0
162,MEDINA,49334,0,0.1937,0.3518,0.5138,0.7036,0.4071,2616.0,30202.0
163,MENARD,2123,0,0.2292,0.4783,0.664,0.3241,0.3636,226.0,1423.0
164,MIDLAND,164194,0,0.083,0.2332,0.7273,0.4625,0.2727,8857.0,81180.0
165,MILAM,24664,0,0.4229,0.7787,0.3123,0.5138,0.5217,1628.0,14574.0
166,MILLS,4902,0,0.4625,0.917,0.3043,0.2174,0.4664,556.0,3400.0
167,MITCHELL,8558,0,0.6126,0.0435,0.6285,0.5929,0.4704,689.0,4483.0
168,MONTAGUE,19409,0,0.2609,0.7628,0.1818,0.2213,0.2292,1784.0,13188.0
169,MONTGOMERY,554445,0,0.0751,0.1462,0.4743,0.3399,0.1107,34952.0,318611.0
170,MOORE,21801,0,0.7708,0.0949,0.917,0.5534,0.6996,1762.0,9629.0
171,MORRIS,12424,0,0.6601,0.5889,0.2174,0.3162,0.4427,1193.0,8232.0
172,MOTLEY,1156,128,0.336,0.996,0.1107,0.1462,0.4348,90.0,867.0
173,NACOGDOCHES,65558,0,0.8617,0.4545,0.5178,0.9881,0.8814,4256.0,34713.0
174,NAVARRO,48583,0,0.8538,0.8933,0.6917,0.8617,0.913,5034.0,27822.0
175,NEWTON,14057,0,0.8340000000000001,0.7352,0.1067,0.2885,0.5455,2051.0,9208.0
176,NOLAN,14966,0,0.6403,0.7036,0.5178,0.83,0.7312,1804.0,8624.0
177,NUECES,360486,0,0.5138,0.419,0.6719,0.8182,0.6679999999999999,15283.0,197853.0
178,OCHILTREE,10348,0,0.6047,0.0672,0.8419,0.3439,0.4941,917.0,5160.0
179,OLDHAM,2090,0,0.2372,0.1976,0.1423,0.3083,0.1304,388.0,1384.0
180,ORANGE,84047,0,0.17,0.7194,0.0632,0.4506,0.2372,5506.0,52762.0
181,PALO PINTO,28317,0,0.7036,0.8063,0.3715,0.7549,0.7115,2879.0,17462.0
182,PANOLA,23440,0,0.3755,0.6245,0.1621,0.5573,0.4032,3286.0,16141.0
183,PARKER,129802,0,0.0632,0.1146,0.0909,0.2688,0.0672,10134.0,87052.0
184,PARMER,9852,0,0.6285,0.5573,0.8972,0.5692,0.7391,1348.0,4374.0
185,PECOS,15797,0,0.6245,0.0632,0.8735,0.9644,0.7628,800.0,8099.0
186,POLK,47837,0,0.7352,0.7826,0.3478,0.8854,0.7747,3333.0,37482.0
187,POTTER,120899,0,0.7233,0.4348,0.8063,0.9447,0.8577,6388.0,54091.0
188,PRESIDIO,7123,0,0.9881,0.9723,0.9802,0.8063,0.9802,406.0,4809.0
189,RAINS,11473,0,0.253,0.4032,0.0316,0.249,0.1265,1018.0,7299.0
190,RANDALL,132475,0,0.0198,0.0909,0.17,0.1937,0.0277,8353.0,85513.0
191,REAGAN,3752,0,0.4387,0.2372,0.913,0.083,0.3676,224.0,1831.0
192,REAL,3389,0,0.5731,0.8103,0.1383,0.2609,0.3913,339.0,2482.0
193,RED RIVER,12275,0,0.7945,0.336,0.0949,0.4071,0.4506,1543.0,8183.0
194,REEVES,15125,0,0.8103,0.0158,0.9565,0.8538,0.7154,867.0,6961.0
195,REFUGIO,7236,0,0.8261,0.9486,0.4783,0.3557,0.7866,847.0,4996.0
196,ROBERTS,885,125,0.0356,0.8972,0.0158,0.0,0.0198,188.0,711.0
197,ROBERTSON,16890,0,0.4032,0.3992,0.3874,0.7431,0.5257,1558.0,11386.0
198,ROCKWALL,93642,0,0.0277,0.0514,0.249,0.0553,0.0079,5399.0,60095.0
199,RUNNELS,10310,0,0.4466,0.7589,0.2648,0.0632,0.2213,1127.0,6627.0
200,RUSK,53595,0,0.5573,0.4032,0.4348,0.6522,0.5573,5161.0,30760.0
201,SABINE,10458,0,0.7273,0.6324,0.0119,0.17,0.3202,1166.0,7575.0
202,SAN AUGUSTINE,8327,0,0.8814,0.6759,0.166,0.747,0.7352,1076.0,5988.0
203,SAN JACINTO,27819,0,0.6838,0.5336,0.2688,0.2292,0.415,2229.0,17479.0
204,SAN PATRICIO,67046,0,0.585,0.8221,0.7154,0.6798,0.7589,3919.0,41045.0
205,SAN SABA,5962,0,0.5573,0.3004,0.6126,0.3913,0.5059,734.0,3679.0
206,SCHLEICHER,3061,0,0.7312,0.0791,0.7194,0.2292,0.4743,253.0,1773.0
207,SCURRY,17239,0,0.4743,0.2055,0.4941,0.6206,0.5138,1229.0,9263.0
208,SHACKELFORD,3311,0,0.6601,0.6482,0.083,0.3715,0.4111,182.0,2273.0
209,SHELBY,25478,0,0.917,0.9684,0.6126,0.5336,0.9051,3090.0,14960.0
210,SHERMAN,3058,0,0.3597,0.1146,0.7075,0.1502,0.2411,310.0,1500.0
211,SMITH,225015,0,0.4269,0.2885,0.585,0.4901,0.4783,10347.0,131234.0
212,SOMERVELL,8743,0,0.3083,0.5652,0.0593,0.6917,0.3439,675.0,6082.0
213,STARR,63894,0,1.0,0.913,1.0,0.5889,0.9723,3243.0,32220.0
214,STEPHENS,9372,0,0.8419,0.8340000000000001,0.2016,0.4664,0.6798,785.0,5509.0
215,STERLING,1141,137,0.0514,0.9012,0.3241,0.1621,0.1581,154.0,896.0
216,STONEWALL,1385,118,0.0791,0.5178,0.0632,0.1818,0.083,192.0,946.0
217,SUTTON,3865,0,0.3439,0.5929,0.7945,0.3518,0.5415,228.0,2464.0
218,SWISHER,7484,0,0.917,0.9091,0.6877,0.6126,0.9012,595.0,3934.0
219,TARRANT,2019977,0,0.1186,0.3083,0.7431,0.3913,0.336,100764.0,1091026.0
220,TAYLOR,136348,0,0.2332,0.5178,0.3399,0.4269,0.3083,9560.0,77233.0
221,TERRELL,862,187,0.7431,0.1542,0.7589,0.0277,0.3162,98.0,678.0
222,TERRY,12615,0,0.9012,0.8775,0.8063,0.8893,0.9368,732.0,6603.0
223,THROCKMORTON,1567,153,0.2727,0.6047,0.0395,0.0593,0.0909,353.0,1195.0
224,TITUS,32730,0,0.8656,0.7075,0.7984,0.7194,0.8696,2312.0,16589.0
225,TOM GREEN,117466,0,0.1304,0.2174,0.4625,0.6443,0.3043,11662.0,64308.0
226,TRAVIS,1203166,0,0.0711,0.0079,0.7391,0.6087,0.1542,50558.0,730218.0
227,TRINITY,14569,0,0.7668,0.6996,0.1462,0.4585,0.5692,1591.0,11414.0
228,TYLER,21496,0,0.7509999999999999,0.4506,0.0949,0.9723,0.7075,2836.0,13514.0
229,UPSHUR,40769,0,0.5652,0.3439,0.0711,0.4032,0.2964,3527.0,27256.0
230,UPTON,3634,0,0.502,0.419,0.8221,0.2964,0.5494,241.0,2107.0
231,UVALDE,27009,0,0.8498,0.8498,0.8893,0.8261,0.9289,2089.0,16820.0
232,VAL VERDE,49027,0,0.8775,0.7984,0.9605,0.9368,0.9407,2436.0,27230.0
233,VAN ZANDT,54368,0,0.3676,0.4941,0.0751,0.2806,0.2253,8827.0,36177.0
234,VICTORIA,91970,0,0.3794,0.5613,0.5968,0.7312,0.6166,6268.0,54332.0
235,WALKER,71539,0,0.6759,0.0,0.498,0.9328,0.502,4235.0,31835.0
236,WALLER,49987,0,0.6877,0.0711,0.7826,0.9209,0.7233,3427.0,30984.0
237,WARD,11586,0,0.5059,0.0988,0.7273,0.5731,0.5375,937.0,6391.0
238,WASHINGTON,34796,0,0.249,0.2253,0.3874,0.7233,0.3557,2935.0,22633.0
239,WEBB,272053,0,0.9091,0.6166,0.9881,0.8696,0.9328,14465.0,125473.0
240,WHARTON,41551,0,0.6324,0.8182,0.7509999999999999,0.7826,0.8103,2219.0,24795.0
241,WHEELER,5482,0,0.4466,0.8577,0.502,0.1858,0.4901,701.0,3413.0
243,WILBARGER,12906,0,0.6364,0.9051,0.4545,0.7589,0.7668,795.0,7961.0
244,WILLACY,21754,0,0.996,0.7233,0.9526,0.8419,0.9565,2048.0,12467.0
245,WILLIAMSON,527057,0,0.0395,0.1107,0.4387,0.0791,0.0395,28211.0,313033.0
246,WILSON,48198,0,0.1344,0.1304,0.5336,0.419,0.2055,4136.0,31428.0
247,WINKLER,7802,0,0.7115,0.166,0.8617,0.2451,0.581,664.0,3783.0
248,WISE,64639,0,0.1739,0.5257,0.2727,0.4229,0.253,4969.0,39850.0
249,WOOD,43815,0,0.3478,0.7628,0.087,0.2648,0.249,2964.0,29511.0
250,YOAKUM,8571,0,0.4941,0.0514,0.9328,0.332,0.4545,500.0,4190.0
251,YOUNG,18114,0,0.1818,0.8024,0.1304,0.1739,0.1779,1149.0,11690.0
252,ZAPATA,14369,0,0.9921,0.9565,0.9881,0.8577,0.9842,1449.0,7508.0
253,ZAVALA,12131,0,0.9763,0.9763,0.9328,0.9407,0.996,1083.0,8047.0
