,county,population,socioeconomic,composition,minority,housing,svi_ranking
0,ANDERSON,57863,0.6166,0.0751,0.415,0.9486,0.6206
1,ANDREWS,17818,0.2964,0.0593,0.8261,0.4822,0.3794
2,ANGELINA,87607,0.8221,0.9209,0.5534,0.917,0.9051
3,ARANSAS,24763,0.5178,0.5534,0.3281,0.7945,0.5968
4,ARCHER,8789,0.0474,0.1937,0.0277,0.0079,0.004
5,ARMSTRONG,1916,0.0119,0.1146,0.0356,0.1146,0.0119
6,ATASCOSA,48828,0.7708,0.6008,0.7233,0.7708,0.8221
7,AUSTIN,29565,0.1621,0.2016,0.5692,0.3874,0.2609
8,BAILEY,7092,0.581,0.7866,0.9012,0.5494,0.7708
9,BANDERA,21763,0.2846,0.5455,0.1146,0.2055,0.1818
10,BASTROP,82577,0.3992,0.1897,0.6996,0.8379,0.6126
11,BAYLOR,3591,0.1146,0.5375,0.0079,0.0435,0.0316
12,BEE,32691,0.9486,0.3043,0.6482,0.9763,0.9209
13,BELL,342236,0.3636,0.664,0.5178,0.6245,0.5534
14,BEXAR,1925865,0.4545,0.4625,0.8458,0.747,0.6957
15,BLANCO,11279,0.0949,0.2213,0.17,0.1265,0.0711
16,BORDEN,665,0.0,0.8735,0.0,0.004,0.0158
17,BOSQUE,18122,0.2964,0.664,0.2134,0.2767,0.2648
18,BOWIE,93858,0.5099,0.5296,0.2411,0.9051,0.6245
19,BRAZORIA,353999,0.0909,0.1067,0.664,0.5296,0.2134
20,BRAZOS,219193,0.4111,0.0198,0.6522,0.7115,0.3478
21,BREWSTER,9216,0.1581,0.3913,0.4466,0.6798,0.3715
22,BRISCOE,1546,0.415,0.249,0.6364,0.0237,0.166
23,BROOKS,7180,0.9802,0.9447,0.9486,0.9684,0.9921
24,BROWN,37834,0.2569,0.2846,0.2095,0.5968,0.2767
25,BURLESON,17863,0.3281,0.2806,0.3636,0.5455,0.3518
26,BURNET,45750,0.1067,0.6838,0.2727,0.336,0.1897
27,CALDWELL,41401,0.585,0.3202,0.7549,0.9842,0.8063
28,CALHOUN,21807,0.5652,0.8696,0.7589,0.6601,0.7826
29,CALLAHAN,13770,0.2016,0.4427,0.0237,0.0672,0.0791
30,CAMERON,421750,0.9486,0.7866,0.9763,0.8814,0.9526
31,CAMP,12813,0.7549,0.8458,0.5771,0.6285,0.7984
32,CARSON,6032,0.004,0.2964,0.0198,0.0198,0.0
33,CASS,30087,0.7431,0.5692,0.0791,0.7352,0.6008
34,CASTRO,7787,0.6482,0.4308,0.9012,0.6364,0.7549
35,CHAMBERS,40292,0.1383,0.1383,0.4387,0.2411,0.1462
36,CHEROKEE,51903,0.7628,0.5968,0.6245,0.9249,0.8340000000000001
37,CHILDRESS,7226,0.7589,0.083,0.3834,0.7075,0.5613
38,CLAY,10387,0.2727,0.3755,0.0553,0.0474,0.0751
39,COCHRAN,2904,0.9249,0.6364,0.8696,0.2372,0.8261
40,COKE,3275,0.3557,0.6364,0.2292,0.3676,0.3281
41,COLEMAN,8391,0.3913,0.3241,0.1542,0.1225,0.1502
42,COLLIN,944350,0.0079,0.0395,0.5613,0.0711,0.0237
43,COLLINGSWORTH,2996,0.8379,0.7391,0.5889,0.4941,0.7787
44,COLORADO,21022,0.1542,0.3834,0.6443,0.8458,0.5257
45,COMAL,135097,0.0237,0.1462,0.2569,0.1542,0.0356
46,COMANCHE,13495,0.3518,0.6798,0.4506,0.4783,0.4862
47,CONCHO,4233,0.5217,0.0079,0.8814,0.585,0.4466
48,COOKE,39571,0.1779,0.4585,0.3636,0.4743,0.3004
49,CORYELL,75389,0.6206,0.3162,0.3162,0.4111,0.4229
50,COTTLE,1623,0.9368,1.0,0.3755,0.0949,0.8182
51,CRANE,4839,0.2055,0.1028,0.8854,0.4506,0.3953
52,CROCKETT,3633,0.5494,0.6126,0.6838,0.3557,0.5652
53,CROSBY,5861,0.9129999999999999,0.9763,0.6285,0.3834,0.8854
54,CULBERSON,2241,0.9447,0.9605,0.8775,0.9129999999999999,0.9763
55,DALLAM,7243,0.4071,0.2609,0.8379,0.1383,0.3794
56,DALLAS,2586552,0.4427,0.2688,0.9289,0.7787,0.6838
57,DAWSON,12964,0.8696,0.7431,0.7352,0.6996,0.8656
58,DEWITT,20435,0.5257,0.6601,0.3953,0.6877,0.6047
59,DEAF SMITH,18899,0.7905,0.6047,0.917,0.4704,0.8142
60,DELTA,5215,0.6008,0.6522,0.0435,0.2134,0.2885
61,DENTON,807047,0.0316,0.0356,0.4901,0.1581,0.0514
62,DICKENS,2216,0.8142,0.7747,0.1897,0.5138,0.6561
63,DIMMIT,10663,0.9684,0.9881,0.9012,0.9526,1.0
64,DONLEY,3387,0.2451,0.2569,0.0474,0.3439,0.1344
65,DUVAL,11355,0.9644,0.9842,0.8656,0.8735,0.9881
66,EASTLAND,18270,0.6798,0.419,0.253,0.7352,0.581
67,ECTOR,158342,0.4862,0.4822,0.8498,0.6719,0.6877
68,EDWARDS,2055,0.2174,0.498,0.6561,0.0909,0.2174
69,EL PASO,837654,0.8854,0.664,0.9644,0.8103,0.9249
70,ELLIS,168838,0.087,0.17,0.5652,0.2253,0.1225
71,ERATH,41482,0.3874,0.0277,0.2846,0.8221,0.2846
72,FALLS,17299,0.8972,0.4348,0.4664,0.996,0.8972
73,FANNIN,34175,0.3123,0.1423,0.17,0.5059,0.2095
74,FAYETTE,25066,0.1028,0.1779,0.2253,0.4387,0.1146
75,FISHER,3883,0.3834,0.332,0.4111,0.0356,0.1186
76,FLOYD,5872,0.8577,0.7509999999999999,0.7787,0.3162,0.7905
77,FOARD,1408,0.5968,0.3834,0.1976,0.087,0.1976
78,FORT BEND,739342,0.0593,0.087,0.7905,0.1067,0.0949
79,FRANKLIN,10679,0.2885,0.6877,0.1937,0.0988,0.1621
80,FREESTONE,19709,0.6719,0.7233,0.3992,0.5375,0.6285
81,FRIO,19394,0.9289,0.581,0.9447,1.0,0.9644
82,GAINES,20321,0.7154,0.2055,0.7708,0.4862,0.6522
83,GALVESTON,327089,0.1502,0.1858,0.5455,0.4348,0.2569
84,GARZA,6288,0.8024,0.0435,0.8933,0.5099,0.6601
85,GILLESPIE,26208,0.0672,0.1344,0.4229,0.3992,0.0988
86,GLASSCOCK,1430,0.1462,0.004,0.7866,0.0316,0.0632
87,GOLIAD,7531,0.332,0.3715,0.3004,0.3755,0.2806
88,GONZALES,20667,0.4941,0.8617,0.8340000000000001,0.9605,0.8735
89,GRAY,22685,0.6561,0.5771,0.4585,0.5771,0.6324
90,GRAYSON,128560,0.1976,0.6206,0.2332,0.415,0.2688
91,GREGG,123494,0.4901,0.6957,0.5573,0.8024,0.6719
92,GRIMES,27630,0.7075,0.3439,0.5178,0.8656,0.7194
93,GUADALUPE,155137,0.0553,0.3281,0.5375,0.2569,0.1423
94,HALE,34113,0.8893,0.4822,0.8024,0.7984,0.8775
95,HALL,3074,0.9289,0.9407,0.7075,0.2016,0.8419
96,HAMILTON,8269,0.2688,0.7431,0.2411,0.3281,0.2925
97,HANSFORD,5547,0.7945,0.83,0.8261,0.1344,0.6917
98,HARDEMAN,3952,0.6996,0.6285,0.5059,0.1423,0.4941
99,HARDIN,56379,0.1107,0.3557,0.004,0.2806,0.087
100,HARRIS,4602523,0.4308,0.2648,0.9249,0.5573,0.6443
101,HARRISON,66645,0.4585,0.3636,0.3597,0.6679999999999999,0.4822
102,HARTLEY,5767,0.2648,0.0316,0.5968,0.7905,0.3202
103,HASKELL,5809,0.9407,0.8854,0.5929,0.6008,0.8893
104,HAYS,204150,0.166,0.0237,0.5771,0.5257,0.1739
105,HEMPHILL,4061,0.3953,0.6917,0.6759,0.6166,0.6403
106,HENDERSON,80460,0.5455,0.4427,0.1581,0.5652,0.4308
107,HIDALGO,849389,0.9605,0.7708,0.9842,0.8972,0.9684
108,HILL,35399,0.6957,0.7075,0.3518,0.7747,0.6759
109,HOCKLEY,23162,0.8063,0.5099,0.6957,0.8498,0.83
110,HOOD,56901,0.0435,0.1265,0.1265,0.2727,0.0593
111,HOPKINS,36240,0.419,0.7312,0.3043,0.3794,0.4269
112,HOUSTON,22955,0.7194,0.6364,0.3202,0.9012,0.747
113,HOWARD,36667,0.7866,0.2925,0.7668,0.8340000000000001,0.8024
114,HUDSPETH,4098,0.9723,0.7945,0.9723,0.7866,0.9447
115,HUNT,92152,0.5296,0.4032,0.2372,0.9091,0.6087
116,HUTCHINSON,21571,0.4664,0.8656,0.2925,0.1028,0.336
117,IRION,1524,0.2095,0.3083,0.1225,0.0119,0.0474
118,JACK,8842,0.3715,0.1818,0.3281,0.6522,0.3715
119,JACKSON,14820,0.2925,0.4743,0.5375,0.6957,0.5099
120,JASPER,35504,0.6917,0.8261,0.1146,0.581,0.5929
121,JEFF DAVIS,2234,0.1897,0.1621,0.5059,0.1067,0.1067
122,JEFFERSON,255210,0.5771,0.4901,0.7036,0.6759,0.664
123,JIM HOGG,5282,0.9565,0.9921,0.8577,0.4427,0.9605
124,JIM WELLS,41192,0.8458,0.8538,0.747,0.7628,0.8933
125,JOHNSON,163475,0.1265,0.2292,0.3439,0.4466,0.1937
126,JONES,19891,0.6522,0.17,0.3755,0.5217,0.4625
127,KARNES,15387,0.5929,0.2055,0.8063,0.8933,0.7431
128,KAUFMAN,118910,0.3043,0.3557,0.4071,0.253,0.2451
129,KENDALL,41982,0.0158,0.249,0.2174,0.1186,0.0395
130,KENEDY,595,0.5336,0.9249,0.9684,0.166,0.7036
131,KENT,749,0.1423,0.7509999999999999,0.0514,0.1976,0.1383
132,KERR,51365,0.1225,0.8142,0.2964,0.5415,0.3597
133,KIMBLE,4408,0.3241,0.8893,0.3557,0.1304,0.332
134,KING,228,0.2213,0.1581,0.2609,0.0158,0.0553
135,KINNEY,3675,0.8933,0.2767,0.8538,0.7154,0.8538
136,KLEBERG,31425,0.9012,0.5375,0.6798,0.9565,0.917
137,KNOX,3733,0.6679999999999999,0.9526,0.6206,0.0751,0.5771
138,LA SALLE,7409,0.4704,0.3399,0.9407,0.9289,0.7945
139,LAMAR,49532,0.6443,0.8814,0.1344,0.498,0.5731
140,LAMB,13262,0.7787,0.9328,0.8182,0.4269,0.8458
141,LAMPASAS,20640,0.2134,0.7154,0.1502,0.3123,0.2332
142,LAVACA,19941,0.0988,0.8419,0.1858,0.8142,0.3874
143,LEE,16952,0.2411,0.5494,0.419,0.6047,0.415
144,LEON,17098,0.4822,0.5059,0.336,0.1897,0.3123
145,LIBERTY,81862,0.7826,0.4664,0.4704,0.9921,0.8498
146,LIMESTONE,23515,0.8735,0.5692,0.5968,0.8775,0.8617
147,LIPSCOMB,3469,0.3162,0.502,0.4783,0.0514,0.17
148,LIVE OAK,12123,0.4783,0.2411,0.6601,0.502,0.5336
149,LLANO,20640,0.2253,0.5138,0.1028,0.2925,0.1858
150,LOVING,102,0.6047,0.6561,0.4308,0.6285,0.6364
151,LUBBOCK,301454,0.3399,0.2727,0.4032,0.6482,0.3992
152,LYNN,5808,0.8261,0.9289,0.4862,0.3004,0.7509999999999999
153,MADISON,14128,0.5375,0.2451,0.6403,0.9802,0.7273
154,MARION,10083,0.7391,0.3953,0.2055,0.3043,0.4387
155,MARTIN,5614,0.1858,0.3794,0.5494,0.1779,0.2016
156,MASON,4161,0.3202,0.3676,0.4229,0.0395,0.1028
157,MATAGORDA,36743,0.8182,0.585,0.7747,0.7668,0.8379
158,MAVERICK,57970,0.9842,0.8379,0.996,0.6403,0.9486
159,MCCULLOCH,8098,0.4348,0.9368,0.2885,0.2095,0.4585
160,MCLENNAN,248429,0.5534,0.4704,0.5968,0.7273,0.6482
161,MCMULLEN,662,0.2806,0.9644,0.5731,0.3636,0.5889
162,MEDINA,49334,0.1937,0.3518,0.5138,0.7036,0.4071
163,MENARD,2123,0.2292,0.4783,0.664,0.3241,0.3636
164,MIDLAND,164194,0.083,0.2332,0.7273,0.4625,0.2727
165,MILAM,24664,0.4229,0.7787,0.3123,0.5138,0.5217
166,MILLS,4902,0.4625,0.917,0.3043,0.2174,0.4664
167,MITCHELL,8558,0.6126,0.0435,0.6285,0.5929,0.4704
168,MONTAGUE,19409,0.2609,0.7628,0.1818,0.2213,0.2292
169,MONTGOMERY,554445,0.0751,0.1462,0.4743,0.3399,0.1107
170,MOORE,21801,0.7708,0.0949,0.917,0.5534,0.6996
171,MORRIS,12424,0.6601,0.5889,0.2174,0.3162,0.4427
172,MOTLEY,1156,0.336,0.996,0.1107,0.1462,0.4348
173,NACOGDOCHES,65558,0.8617,0.4545,0.5178,0.9881,0.8814
174,NAVARRO,48583,0.8538,0.8933,0.6917,0.8617,0.9129999999999999
175,NEWTON,14057,0.8340000000000001,0.7352,0.1067,0.2885,0.5455
176,NOLAN,14966,0.6403,0.7036,0.5178,0.83,0.7312
177,NUECES,360486,0.5138,0.419,0.6719,0.8182,0.6679999999999999
178,OCHILTREE,10348,0.6047,0.0672,0.8419,0.3439,0.4941
179,OLDHAM,2090,0.2372,0.1976,0.1423,0.3083,0.1304
180,ORANGE,84047,0.17,0.7194,0.0632,0.4506,0.2372
181,PALO PINTO,28317,0.7036,0.8063,0.3715,0.7549,0.7115
182,PANOLA,23440,0.3755,0.6245,0.1621,0.5573,0.4032
183,PARKER,129802,0.0632,0.1146,0.0909,0.2688,0.0672
184,PARMER,9852,0.6285,0.5573,0.8972,0.5692,0.7391
185,PECOS,15797,0.6245,0.0632,0.8735,0.9644,0.7628
186,POLK,47837,0.7352,0.7826,0.3478,0.8854,0.7747
187,POTTER,120899,0.7233,0.4348,0.8063,0.9447,0.8577
188,PRESIDIO,7123,0.9881,0.9723,0.9802,0.8063,0.9802
189,RAINS,11473,0.253,0.4032,0.0316,0.249,0.1265
190,RANDALL,132475,0.0198,0.0909,0.17,0.1937,0.0277
191,REAGAN,3752,0.4387,0.2372,0.9129999999999999,0.083,0.3676
192,REAL,3389,0.5731,0.8103,0.1383,0.2609,0.3913
193,RED RIVER,12275,0.7945,0.336,0.0949,0.4071,0.4506
194,REEVES,15125,0.8103,0.0158,0.9565,0.8538,0.7154
195,REFUGIO,7236,0.8261,0.9486,0.4783,0.3557,0.7866
196,ROBERTS,885,0.0356,0.8972,0.0158,0.0,0.0198
197,ROBERTSON,16890,0.4032,0.3992,0.3874,0.7431,0.5257
198,ROCKWALL,93642,0.0277,0.0514,0.249,0.0553,0.0079
199,RUNNELS,10310,0.4466,0.7589,0.2648,0.0632,0.2213
200,RUSK,53595,0.5573,0.4032,0.4348,0.6522,0.5573
201,SABINE,10458,0.7273,0.6324,0.0119,0.17,0.3202
202,SAN AUGUSTINE,8327,0.8814,0.6759,0.166,0.747,0.7352
203,SAN JACINTO,27819,0.6838,0.5336,0.2688,0.2292,0.415
204,SAN PATRICIO,67046,0.585,0.8221,0.7154,0.6798,0.7589
205,SAN SABA,5962,0.5573,0.3004,0.6126,0.3913,0.5059
206,SCHLEICHER,3061,0.7312,0.0791,0.7194,0.2292,0.4743
207,SCURRY,17239,0.4743,0.2055,0.4941,0.6206,0.5138
208,SHACKELFORD,3311,0.6601,0.6482,0.083,0.3715,0.4111
209,SHELBY,25478,0.917,0.9684,0.6126,0.5336,0.9051
210,SHERMAN,3058,0.3597,0.1146,0.7075,0.1502,0.2411
211,SMITH,225015,0.4269,0.2885,0.585,0.4901,0.4783
212,SOMERVELL,8743,0.3083,0.5652,0.0593,0.6917,0.3439
213,STARR,63894,1.0,0.9129999999999999,1.0,0.5889,0.9723
214,STEPHENS,9372,0.8419,0.8340000000000001,0.2016,0.4664,0.6798
215,STERLING,1141,0.0514,0.9012,0.3241,0.1621,0.1581
216,STONEWALL,1385,0.0791,0.5178,0.0632,0.1818,0.083
217,SUTTON,3865,0.3439,0.5929,0.7945,0.3518,0.5415
218,SWISHER,7484,0.917,0.9091,0.6877,0.6126,0.9012
219,TARRANT,2019977,0.1186,0.3083,0.7431,0.3913,0.336
220,TAYLOR,136348,0.2332,0.5178,0.3399,0.4269,0.3083
221,TERRELL,862,0.7431,0.1542,0.7589,0.0277,0.3162
222,TERRY,12615,0.9012,0.8775,0.8063,0.8893,0.9368
223,THROCKMORTON,1567,0.2727,0.6047,0.0395,0.0593,0.0909
224,TITUS,32730,0.8656,0.7075,0.7984,0.7194,0.8696
225,TOM GREEN,117466,0.1304,0.2174,0.4625,0.6443,0.3043
226,TRAVIS,1203166,0.0711,0.0079,0.7391,0.6087,0.1542
227,TRINITY,14569,0.7668,0.6996,0.1462,0.4585,0.5692
228,TYLER,21496,0.7509999999999999,0.4506,0.0949,0.9723,0.7075
229,UPSHUR,40769,0.5652,0.3439,0.0711,0.4032,0.2964
230,UPTON,3634,0.502,0.419,0.8221,0.2964,0.5494
231,UVALDE,27009,0.8498,0.8498,0.8893,0.8261,0.9289
232,VAL VERDE,49027,0.8775,0.7984,0.9605,0.9368,0.9407
233,VAN ZANDT,54368,0.3676,0.4941,0.0751,0.2806,0.2253
234,VICTORIA,91970,0.3794,0.5613,0.5968,0.7312,0.6166
235,WALKER,71539,0.6759,0.0,0.498,0.9328,0.502
236,WALLER,49987,0.6877,0.0711,0.7826,0.9209,0.7233
237,WARD,11586,0.5059,0.0988,0.7273,0.5731,0.5375
238,WASHINGTON,34796,0.249,0.2253,0.3874,0.7233,0.3557
239,WEBB,272053,0.9091,0.6166,0.9881,0.8696,0.9328
240,WHARTON,41551,0.6324,0.8182,0.7509999999999999,0.7826,0.8103
241,WHEELER,5482,0.4466,0.8577,0.502,0.1858,0.4901
242,WICHITA,131818,0.5415,0.415,0.2806,0.664,0.5178
243,WILBARGER,12906,0.6364,0.9051,0.4545,0.7589,0.7668
244,WILLACY,21754,0.996,0.7233,0.9526,0.8419,0.9565
245,WILLIAMSON,527057,0.0395,0.1107,0.4387,0.0791,0.0395
246,WILSON,48198,0.1344,0.1304,0.5336,0.419,0.2055
247,WINKLER,7802,0.7115,0.166,0.8617,0.2451,0.581
248,WISE,64639,0.1739,0.5257,0.2727,0.4229,0.253
249,WOOD,43815,0.3478,0.7628,0.087,0.2648,0.249
250,YOAKUM,8571,0.4941,0.0514,0.9328,0.332,0.4545
251,YOUNG,18114,0.1818,0.8024,0.1304,0.1739,0.1779
252,ZAPATA,14369,0.9921,0.9565,0.9881,0.8577,0.9842
253,ZAVALA,12131,0.9763,0.9763,0.9328,0.9407,0.996
